iteration,total_env_steps,mode,avg_episode_reward,success_rate,avg_best_reward,avg_episode_length,num_episodes,timestamp
0,0,eval,5.1704,0.0388,0.1926,60.0,2400,2025-10-05 11:05:58
1,144000,train,3.7238,0.0271,0.1583,60.0,2400,2025-10-05 11:10:52
2,288000,train,3.6932,0.025,0.157,60.0,2400,2025-10-05 11:15:47
3,432000,train,3.8149,0.0288,0.1629,60.0,2400,2025-10-05 11:20:42
4,576000,train,3.7103,0.0258,0.1583,60.0,2400,2025-10-05 11:25:38
5,720000,train,3.8137,0.0283,0.1632,60.0,2400,2025-10-05 11:30:33
6,864000,train,3.7789,0.0321,0.1634,60.0,2400,2025-10-05 11:35:29
7,1008000,train,4.3187,0.0396,0.1768,60.0,2400,2025-10-05 11:40:24
8,1152000,train,4.2015,0.0462,0.1815,60.0,2400,2025-10-05 11:45:19
9,1296000,train,4.6434,0.0479,0.182,60.0,2400,2025-10-05 11:50:14
10,1296000,eval,7.6578,0.0871,0.2397,60.0,2400,2025-10-05 11:52:47
11,1440000,train,4.6196,0.0425,0.1849,60.0,2400,2025-10-05 11:57:43
12,1584000,train,4.5626,0.0517,0.1849,60.0,2400,2025-10-05 12:02:37
13,1728000,train,4.5483,0.0504,0.1869,60.0,2400,2025-10-05 12:07:32
14,1872000,train,4.4638,0.0483,0.1875,60.0,2400,2025-10-05 12:12:27
15,2016000,train,4.6195,0.0467,0.1977,60.0,2400,2025-10-05 12:17:22
16,2160000,train,4.6242,0.0467,0.1938,60.0,2400,2025-10-05 12:22:18
17,2304000,train,4.9443,0.0554,0.2141,60.0,2400,2025-10-05 12:27:13
18,2448000,train,4.9884,0.0533,0.2255,60.0,2400,2025-10-05 12:32:08
19,2592000,train,4.745,0.0512,0.2151,60.0,2400,2025-10-05 12:37:03
20,2592000,eval,10.3141,0.1575,0.344,60.0,2400,2025-10-05 12:39:36
21,2736000,train,4.8051,0.0488,0.2106,60.0,2400,2025-10-05 12:44:31
22,2880000,train,4.9965,0.0483,0.2178,60.0,2400,2025-10-05 12:49:26
23,3024000,train,4.6798,0.0546,0.2069,60.0,2400,2025-10-05 12:54:21
24,3168000,train,4.6446,0.0492,0.2021,60.0,2400,2025-10-05 12:59:16
25,3312000,train,4.8288,0.0529,0.2108,60.0,2400,2025-10-05 13:04:11
26,3456000,train,4.5789,0.0479,0.2057,60.0,2400,2025-10-05 13:09:06
27,3600000,train,5.1013,0.0612,0.2286,60.0,2400,2025-10-05 13:14:00
28,3744000,train,5.041,0.0558,0.2259,60.0,2400,2025-10-05 13:18:55
29,3888000,train,4.9304,0.0488,0.2172,60.0,2400,2025-10-05 13:23:49
30,3888000,eval,10.6854,0.1725,0.3521,60.0,2400,2025-10-05 13:26:21
31,4032000,train,5.1301,0.0521,0.2278,60.0,2400,2025-10-05 13:31:14
32,4176000,train,4.9775,0.0558,0.2251,60.0,2400,2025-10-05 13:36:07
33,4320000,train,5.2318,0.0579,0.2364,60.0,2400,2025-10-05 13:41:01
34,4464000,train,5.0451,0.0508,0.2297,60.0,2400,2025-10-05 13:45:54
35,4608000,train,5.2914,0.0608,0.2418,60.0,2400,2025-10-05 13:50:47
36,4752000,train,5.0105,0.0575,0.2278,60.0,2400,2025-10-05 13:55:41
37,4896000,train,5.0987,0.0538,0.2402,60.0,2400,2025-10-05 14:00:34
38,5040000,train,4.8878,0.0508,0.2272,60.0,2400,2025-10-05 14:05:28
39,5184000,train,5.1905,0.0571,0.2435,60.0,2400,2025-10-05 14:10:21
40,5184000,eval,10.2541,0.1617,0.3633,60.0,2400,2025-10-05 14:12:54
41,5328000,train,4.9268,0.05,0.2279,60.0,2400,2025-10-05 14:17:47
42,5472000,train,5.1577,0.0554,0.2441,60.0,2400,2025-10-05 14:22:40
43,5616000,train,4.7592,0.0492,0.2318,60.0,2400,2025-10-05 14:27:34
44,5760000,train,4.8997,0.0483,0.2358,60.0,2400,2025-10-05 14:32:28
45,5904000,train,4.8157,0.0521,0.2297,60.0,2400,2025-10-05 14:37:22
46,6048000,train,5.0119,0.055,0.2351,60.0,2400,2025-10-05 14:42:15
47,6192000,train,5.454,0.0658,0.2531,60.0,2400,2025-10-05 14:47:09
48,6336000,train,5.1394,0.0583,0.2394,60.0,2400,2025-10-05 14:52:06
49,6480000,train,5.2566,0.0542,0.2461,60.0,2400,2025-10-05 14:57:03
50,6480000,eval,12.0236,0.2088,0.436,60.0,2400,2025-10-05 14:59:37
51,6624000,train,4.9759,0.05,0.2308,60.0,2400,2025-10-05 15:04:35
52,6768000,train,5.4176,0.0658,0.2479,60.0,2400,2025-10-05 15:09:32
53,6912000,train,5.2359,0.0604,0.2422,60.0,2400,2025-10-05 15:14:29
54,7056000,train,5.1379,0.0612,0.2344,60.0,2400,2025-10-05 15:19:22
55,7200000,train,5.3227,0.0579,0.2454,60.0,2400,2025-10-05 15:24:15
56,7344000,train,5.2055,0.0588,0.2391,60.0,2400,2025-10-05 15:29:08
57,7488000,train,5.1521,0.0546,0.2406,60.0,2400,2025-10-05 15:34:00
58,7632000,train,5.6132,0.0612,0.2553,60.0,2400,2025-10-05 15:38:54
59,7776000,train,5.5531,0.0633,0.2597,60.0,2400,2025-10-05 15:43:47
60,7776000,eval,12.6395,0.2392,0.4506,60.0,2400,2025-10-05 15:46:19
61,7920000,train,5.6967,0.07,0.2638,60.0,2400,2025-10-05 15:51:12
62,8064000,train,4.8491,0.0454,0.2269,60.0,2400,2025-10-05 15:56:05
63,8208000,train,5.5495,0.0725,0.2584,60.0,2400,2025-10-05 16:00:58
64,8352000,train,5.3893,0.0642,0.2485,60.0,2400,2025-10-05 16:05:51
65,8496000,train,5.2462,0.0571,0.2435,60.0,2400,2025-10-05 16:10:43
66,8640000,train,5.4813,0.0688,0.2554,60.0,2400,2025-10-05 16:15:36
67,8784000,train,5.3072,0.0525,0.2462,60.0,2400,2025-10-05 16:20:28
68,8928000,train,5.3467,0.07,0.2475,60.0,2400,2025-10-05 16:25:21
69,9072000,train,5.3612,0.0588,0.2463,60.0,2400,2025-10-05 16:30:14
70,9072000,eval,11.7514,0.2183,0.4082,60.0,2400,2025-10-05 16:32:44
71,9216000,train,5.1246,0.0558,0.2368,60.0,2400,2025-10-05 16:37:37
72,9360000,train,5.4069,0.0646,0.2466,60.0,2400,2025-10-05 16:42:29
73,9504000,train,5.6422,0.0725,0.2665,60.0,2400,2025-10-05 16:47:22
74,9648000,train,5.5992,0.065,0.2614,60.0,2400,2025-10-05 16:52:14
75,9792000,train,5.3491,0.0671,0.2512,60.0,2400,2025-10-05 16:57:07
76,9936000,train,5.6008,0.07,0.2617,60.0,2400,2025-10-05 17:02:00
77,10080000,train,5.7164,0.0717,0.2666,60.0,2400,2025-10-05 17:06:54
78,10224000,train,5.4506,0.0629,0.253,60.0,2400,2025-10-05 17:11:46
79,10368000,train,5.3648,0.0608,0.2448,60.0,2400,2025-10-05 17:16:39
80,10368000,eval,12.5036,0.2342,0.4433,60.0,2400,2025-10-05 17:19:11
81,10512000,train,5.4162,0.0621,0.2554,60.0,2400,2025-10-05 17:24:04
82,10656000,train,5.4812,0.0646,0.2566,60.0,2400,2025-10-05 17:28:56
83,10800000,train,5.3648,0.0567,0.2478,60.0,2400,2025-10-05 17:33:49
84,10944000,train,5.4521,0.0625,0.2579,60.0,2400,2025-10-05 17:38:42
85,11088000,train,5.2949,0.0633,0.2489,60.0,2400,2025-10-05 17:43:35
86,11232000,train,5.4945,0.0658,0.2533,60.0,2400,2025-10-05 17:48:28
87,11376000,train,5.1864,0.0621,0.2397,60.0,2400,2025-10-05 17:53:21
88,11520000,train,5.3699,0.0683,0.2505,60.0,2400,2025-10-05 17:58:14
89,11664000,train,5.0793,0.0592,0.239,60.0,2400,2025-10-05 18:03:06
90,11664000,eval,11.8039,0.2146,0.4265,60.0,2400,2025-10-05 18:05:37
